Date,Time,Username
05/13/21,11:00:49,Sammyishere#3853
05/13/21,11:00:57,Javeed#9053
05/13/21,11:01:24,somya gupta#0556
05/13/21,11:01:58,Panther#3667
05/13/21,11:02:48,XHunter#2404
05/13/21,11:06:27,Ritesh#3295
05/13/21,11:06:30,Ritesh#3295
05/13/21,11:06:42,Ritesh#3295
05/13/21,11:06:46,Ritesh#3295
05/13/21,11:06:47,Ritesh#3295
05/13/21,11:06:49,Ritesh#3295
05/13/21,11:10:35,Sourav#3274
05/13/21,11:15:28,mekhla_biswas#0697
05/13/21,11:16:58,Levi_12#1821
05/13/21,15:00:12,Panther#3667
05/13/21,15:00:15,Sammyishere#3853
05/13/21,15:00:30,Javeed#9053
05/13/21,15:01:34,Ritesh#3295
05/13/21,15:02:09,XHunter#2404
05/14/21,11:00:37,Javeed#9053
05/14/21,11:01:02,somya gupta#0556
05/14/21,11:01:11,Sourav#3274
05/14/21,11:02:22,Sammyishere#3853
05/14/21,11:02:54,Panther#3667
05/14/21,11:03:36,XHunter#2404
05/14/21,11:08:40,mekhla_biswas#0697
05/14/21,11:08:43,Ritesh#3295
05/14/21,11:11:15,BenZee01#5645
05/14/21,15:03:47,Panther#3667
05/14/21,15:04:05,somya gupta#0556
05/14/21,15:05:02,Sammyishere#3853
05/14/21,15:06:05,XHunter#2404
05/14/21,15:13:54,Javeed#9053
05/14/21,15:16:34,BenZee01#5645
05/14/21,15:18:16,Ritesh#3295
05/17/21,11:01:00,Panther#3667
05/17/21,11:01:09,Javeed#9053
05/17/21,11:02:17,XHunter#2404
05/17/21,11:02:26,somya gupta#0556
05/17/21,11:03:19,Sourav#3274
05/17/21,11:05:24,supriya#8681
05/17/21,11:08:44,Levi_12#1821
05/18/21,11:09:54,BenZee01#5645
05/18/21,11:00:49,Sammyishere#3853
05/18/21,11:00:57,Javeed#9053
05/18/21,11:01:24,somya gupta#0556
05/18/21,11:01:58,Panther#3667
05/18/21,11:02:48,XHunter#2404
05/18/21,11:06:27,Ritesh#3295
05/18/21,11:06:30,Ritesh#3295
05/18/21,11:06:42,Ritesh#3295
05/18/21,11:06:46,Ritesh#3295
05/18/21,11:06:47,Ritesh#3295
05/18/21,11:06:49,Ritesh#3295
05/18/21,11:10:35,Sourav#3274
05/18/21,11:15:28,mekhla_biswas#0697
05/18/21,11:16:58,Levi_12#1821
05/18/21,15:00:12,Panther#3667
05/18/21,15:00:15,Sammyishere#3853
05/18/21,15:00:30,Javeed#9053
05/18/21,15:01:34,Ritesh#3295
05/18/21,15:02:09,XHunter#2404
05/19/21,11:00:37,Javeed#9053
05/19/21,11:01:02,somya gupta#0556
05/19/21,11:01:11,Sourav#3274
05/19/21,11:02:22,Sammyishere#3853
05/19/21,11:02:54,Panther#3667
05/19/21,11:03:36,XHunter#2404
05/19/21,11:08:40,mekhla_biswas#0697
05/19/21,11:08:43,Ritesh#3295
05/19/21,11:11:15,BenZee01#5645
05/19/21,15:03:47,Panther#3667
05/19/21,15:04:05,somya gupta#0556
05/19/21,15:05:02,Sammyishere#3853
05/19/21,15:06:05,XHunter#2404
05/19/21,15:13:54,Javeed#9053
05/19/21,15:16:34,BenZee01#5645
05/19/21,15:18:16,Ritesh#3295
05/20/21,11:01:00,Panther#3667
05/20/21,11:01:09,Javeed#9053
05/20/21,11:02:17,XHunter#2404
05/20/21,11:02:26,somya gupta#0556
05/20/21,11:03:19,Sourav#3274
05/20/21,11:05:24,supriya#8681
05/20/21,11:08:44,Levi_12#1821
05/20/21,11:09:54,BenZee01#5645
05/21/21,11:00:49,Sammyishere#3853
05/21/21,11:00:57,Javeed#9053
05/21/21,11:01:24,somya gupta#0556
05/21/21,11:01:58,Panther#3667
05/21/21,11:02:48,XHunter#2404
05/21/21,11:06:27,Ritesh#3295
05/21/21,11:06:30,Ritesh#3295
05/21/21,11:06:42,Ritesh#3295
05/21/21,11:06:46,Ritesh#3295
05/21/21,11:06:47,Ritesh#3295
05/21/21,11:06:49,Ritesh#3295
05/21/21,11:10:35,Sourav#3274
05/21/21,11:15:28,mekhla_biswas#0697
05/21/21,11:16:58,Levi_12#1821
05/21/21,15:00:12,Panther#3667
05/21/21,15:00:15,Sammyishere#3853
05/21/21,15:00:30,Javeed#9053
05/21/21,15:01:34,Ritesh#3295
05/21/21,15:02:09,XHunter#2404
05/24/21,11:00:37,Javeed#9053
05/24/21,11:01:02,somya gupta#0556
05/24/21,11:01:11,Sourav#3274
05/24/21,11:02:22,Sammyishere#3853
05/24/21,11:02:54,Panther#3667
05/24/21,11:03:36,XHunter#2404
05/24/21,11:08:40,mekhla_biswas#0697
05/24/21,11:08:43,Ritesh#3295
05/24/21,11:11:15,BenZee01#5645
05/24/21,15:03:47,Panther#3667
05/24/21,15:04:05,somya gupta#0556
05/24/21,15:06:05,XHunter#2404
05/24/21,15:13:54,Javeed#9053
05/24/21,15:16:34,BenZee01#5645
05/24/21,15:18:16,Ritesh#3295
05/24/21,11:01:00,Panther#3667
05/25/21,11:01:09,Javeed#9053
05/25/21,11:02:17,XHunter#2404
05/25/21,11:02:26,somya gupta#0556
05/25/21,11:03:19,Sourav#3274
05/25/21,11:05:24,supriya#8681
05/25/21,11:08:44,Levi_12#1821
05/25/21,11:09:54,BenZee01#5645
05/26/21,15:18:16,Ritesh#3295
05/26/21,11:01:00,Panther#3667
05/26/21,11:02:26,somya gupta#0556
05/26/21,11:03:19,Sourav#3274
05/26/21,11:05:24,supriya#8681
05/26/21,11:08:44,Levi_12#1821
05/26/21,11:09:54,BenZee01#5645
